매운 음식 추천해 줘,1
매운 버거 추천해 줘,1
매콤한 음식 추천해 줘,1
칼칼한 음식 추천해 줘,1
매운맛 음식 추천해 줘,1
매콤한 버거 추천해 줘,1
매운맛 버거,1
매콤한 버거,1
매운맛,1
매운맛 음식,1
매콤한 맛,1
매콤한 음식,1
맵싹한 음식,1
맵싹한 맛,1
맵싹한 버거,1
신맛,2
새콤한 맛 음식,2
신맛 음식,2
새콤한 맛,2
신맛 음식 추천해 줘,2
새콤한 맛 음식 추천해 줘,2
새콤한 음식 추천해 줘,2
시큼한 음식 추천해 줘,2
새콤달콤한 음식 추천해 줘,2
시큼,2
새콤,2
단맛,3
달달한 맛,3
달콤한 맛,3
단맛 음식 추천해 줘,3
단맛 추천해 줘,3
달달한 맛 추천해 줘,3
달달한 햄버거 추천해 줘,3
단맛 버거 추천해 줘,3
달달한 버거,3
달콤한 버거,3
단맛 버거,3
달달한 음식 추천해 줘,3
달달한 버거 추천해 줘,3
달콤한 음식 추천해 줘,3
달콤한 버거 추천해 줘,3
달콤한 맛 음식 추천해 줘,3
달달,3
달콤,3
고소한 맛,4
고소한 음식,4
고소한 맛 음식,4
안매운 음식,4
안 매운 음식,4
맵지 않은 음식,4
맵지않은 음식,4
고소한 버거,4
고소한 버거 추천해 줘,4
고소한 버거 추천해줘,4
덜 매운 음식 추천해 줘,4
덜 매운 음식,4
덜 매운 버거,4
짭짤한 맛 음식 추천해 줘,4
짭짤한 음식 추천해 줘,4
짭짤한 음식 추천,4
